{"cameraMode":{"drawMode":0,"name":"Shaded","section":"Shading Mode"},"sceneLighting":false,"audioPlay":false,"sceneViewState":{"showFog":true,"showMaterialUpdate":false,"showSkybox":false,"showFlares":true,"showImageEffects":true,"showParticleSystems":true},"in2DMode":false,"pivot":{"x":-2.4200000762939455,"y":15.260000228881836,"z":0.40000003576278689},"rotation":{"x":0.05238977447152138,"y":0.7946648001670837,"z":-0.06932349503040314,"w":0.6008510589599609},"size":0.7556902766227722,"orthographic":false}