{"cameraMode":{"drawMode":0,"name":"Shaded","section":"Shading Mode"},"sceneLighting":false,"audioPlay":false,"sceneViewState":{"showFog":true,"showMaterialUpdate":false,"showSkybox":false,"showFlares":true,"showImageEffects":true,"showParticleSystems":true},"in2DMode":false,"pivot":{"x":0.078000009059906,"y":7.340860366821289,"z":1.4199999570846558},"rotation":{"x":-0.0184159055352211,"y":0.7308140993118286,"z":0.019740259274840356,"w":0.6820517778396606},"size":0.7005512714385986,"orthographic":false}