{"cameraMode":{"drawMode":0,"name":"Shaded","section":"Shading Mode"},"sceneLighting":false,"audioPlay":false,"sceneViewState":{"showFog":true,"showMaterialUpdate":false,"showSkybox":false,"showFlares":true,"showImageEffects":true,"showParticleSystems":true},"in2DMode":false,"pivot":{"x":-0.014999955892562867,"y":0.1830075979232788,"z":0.1940007209777832},"rotation":{"x":0.005979096982628107,"y":0.7494246363639832,"z":-0.006726718042045832,"w":0.6621031165122986},"size":3.9920735359191896,"orthographic":true}