{"cameraMode":{"drawMode":0,"name":"Shaded","section":"Shading Mode"},"sceneLighting":false,"audioPlay":false,"sceneViewState":{"showFog":true,"showMaterialUpdate":false,"showSkybox":false,"showFlares":true,"showImageEffects":true,"showParticleSystems":true},"in2DMode":false,"pivot":{"x":5.9668869972229,"y":-3.6294403076171877,"z":-0.8222821354866028},"rotation":{"x":-0.0184159055352211,"y":0.7308140993118286,"z":0.019740259274840356,"w":0.6820517778396606},"size":6.9487128257751469,"orthographic":false}