{"cameraMode":{"drawMode":0,"name":"Shaded","section":"Shading Mode"},"sceneLighting":false,"audioPlay":false,"sceneViewState":{"showFog":true,"showMaterialUpdate":false,"showSkybox":false,"showFlares":true,"showImageEffects":true,"showParticleSystems":true},"in2DMode":false,"pivot":{"x":-0.037907928228378299,"y":-1.2672746181488038,"z":4.490767002105713},"rotation":{"x":0.15162989497184754,"y":0.6857151985168457,"z":-0.1493968516588211,"w":0.6960821747779846},"size":3.9798476696014406,"orthographic":false}