{"cameraMode":{"drawMode":0,"name":"Shaded","section":"Shading Mode"},"sceneLighting":false,"audioPlay":false,"sceneViewState":{"showFog":true,"showMaterialUpdate":false,"showSkybox":false,"showFlares":true,"showImageEffects":true,"showParticleSystems":true},"in2DMode":false,"pivot":{"x":-0.014999955892562867,"y":-4.340000152587891,"z":1.309999942779541},"rotation":{"x":0.0009679970098659396,"y":0.7600700259208679,"z":-0.001145909889601171,"w":0.6498689651489258},"size":3.7191948890686037,"orthographic":false}