{"cameraMode":{"drawMode":0,"name":"Shaded","section":"Shading Mode"},"sceneLighting":false,"audioPlay":false,"sceneViewState":{"showFog":true,"showMaterialUpdate":false,"showSkybox":false,"showFlares":true,"showImageEffects":true,"showParticleSystems":true},"in2DMode":false,"pivot":{"x":0.7246237397193909,"y":0.47727495431900027,"z":-0.4790331721305847},"rotation":{"x":0.011986893601715565,"y":0.60113525390625,"z":-0.009016630239784718,"w":0.7990180253982544},"size":3.628385305404663,"orthographic":true}