{"cameraMode":{"drawMode":0,"name":"Shaded","section":"Shading Mode"},"sceneLighting":false,"audioPlay":false,"sceneViewState":{"showFog":true,"showMaterialUpdate":false,"showSkybox":false,"showFlares":true,"showImageEffects":true,"showParticleSystems":true},"in2DMode":false,"pivot":{"x":-0.017999976873397828,"y":-1.4159648418426514,"z":-1.3648161888122559},"rotation":{"x":-0.006282594986259937,"y":0.7165769338607788,"z":0.006444413680583239,"w":0.6974837779998779},"size":6.379848957061768,"orthographic":false}