{"cameraMode":{"drawMode":0,"name":"Shaded","section":"Shading Mode"},"sceneLighting":false,"audioPlay":false,"sceneViewState":{"showFog":true,"showMaterialUpdate":false,"showSkybox":false,"showFlares":true,"showImageEffects":true,"showParticleSystems":true},"in2DMode":false,"pivot":{"x":-0.014999955892562867,"y":0.771540641784668,"z":0.3073458671569824},"rotation":{"x":0.020391693338751794,"y":-0.7612847685813904,"z":0.024003542959690095,"w":0.6477288603782654},"size":4.599388599395752,"orthographic":true}