{"cameraMode":{"drawMode":0,"name":"Shaded","section":"Shading Mode"},"sceneLighting":false,"audioPlay":false,"sceneViewState":{"showFog":true,"showMaterialUpdate":false,"showSkybox":false,"showFlares":true,"showImageEffects":true,"showParticleSystems":true},"in2DMode":false,"pivot":{"x":-0.014999926090240479,"y":-1.5800000429153443,"z":0.07149362564086914},"rotation":{"x":0.020391693338751794,"y":-0.7612847685813904,"z":0.024003542959690095,"w":0.6477288603782654},"size":4.807088375091553,"orthographic":true}