{"cameraMode":{"drawMode":0,"name":"Shaded","section":"Shading Mode"},"sceneLighting":false,"audioPlay":false,"sceneViewState":{"showFog":true,"showMaterialUpdate":false,"showSkybox":false,"showFlares":true,"showImageEffects":true,"showParticleSystems":true},"in2DMode":false,"pivot":{"x":-0.18110400438308717,"y":-1.2722400426864625,"z":-2.0249719619750978},"rotation":{"x":0.00970226526260376,"y":0.697672963142395,"z":-0.009386646561324597,"w":0.7163600325584412},"size":4.7683234214782719,"orthographic":true}