{"cameraMode":{"drawMode":0,"name":"Shaded","section":"Shading Mode"},"sceneLighting":false,"audioPlay":false,"sceneViewState":{"showFog":true,"showMaterialUpdate":false,"showSkybox":false,"showFlares":true,"showImageEffects":true,"showParticleSystems":true},"in2DMode":false,"pivot":{"x":-1.467634916305542,"y":8.955810546875,"z":3.319838047027588},"rotation":{"x":0.1131664291024208,"y":0.7091192603111267,"z":-0.11700677871704102,"w":0.6861011385917664},"size":1.0392305850982667,"orthographic":false}