{"cameraMode":{"drawMode":0,"name":"Shaded","section":"Shading Mode"},"sceneLighting":false,"audioPlay":false,"sceneViewState":{"showFog":true,"showMaterialUpdate":false,"showSkybox":false,"showFlares":true,"showImageEffects":true,"showParticleSystems":true},"in2DMode":false,"pivot":{"x":-0.015103399753570557,"y":-0.11596488952636719,"z":0.16018909215927125},"rotation":{"x":-0.09361112862825394,"y":0.6713154911994934,"z":0.08605828136205673,"w":0.7302122116088867},"size":2.6349592208862306,"orthographic":false}