{"cameraMode":{"drawMode":0,"name":"Shaded","section":"Shading Mode"},"sceneLighting":false,"audioPlay":false,"sceneViewState":{"showFog":true,"showMaterialUpdate":false,"showSkybox":false,"showFlares":true,"showImageEffects":true,"showParticleSystems":true},"in2DMode":false,"pivot":{"x":-0.6655939817428589,"y":2.5163586139678957,"z":0.7331196069717407},"rotation":{"x":0.0028538727201521398,"y":0.7716405391693115,"z":-0.0034792772494256498,"w":0.6360809206962586},"size":1.40543794631958,"orthographic":false}