{"cameraMode":{"drawMode":0,"name":"Shaded","section":"Shading Mode"},"sceneLighting":true,"audioPlay":false,"sceneViewState":{"showFog":true,"showMaterialUpdate":false,"showSkybox":false,"showFlares":true,"showImageEffects":true,"showParticleSystems":true},"in2DMode":false,"pivot":{"x":1.7338504791259766,"y":0.5990766286849976,"z":1.2417593002319337},"rotation":{"x":0.07624172419309616,"y":0.3337070047855377,"z":-0.02708994597196579,"w":0.93919837474823},"size":3.8959200382232668,"orthographic":false}