{"cameraMode":{"drawMode":0,"name":"Shaded","section":"Shading Mode"},"sceneLighting":false,"audioPlay":false,"sceneViewState":{"showFog":true,"showMaterialUpdate":false,"showSkybox":false,"showFlares":true,"showImageEffects":true,"showParticleSystems":true},"in2DMode":false,"pivot":{"x":-0.08208324015140534,"y":7.324100971221924,"z":1.1597294807434083},"rotation":{"x":-0.03400527313351631,"y":-0.7439625859260559,"z":0.03798481822013855,"w":-0.6664553880691528},"size":0.8756890892982483,"orthographic":true}