{"cameraMode":{"drawMode":0,"name":"Shaded","section":"Shading Mode"},"sceneLighting":false,"audioPlay":false,"sceneViewState":{"showFog":true,"showMaterialUpdate":false,"showSkybox":false,"showFlares":true,"showImageEffects":true,"showParticleSystems":true},"in2DMode":false,"pivot":{"x":-1.0223549604415894,"y":0.4160478711128235,"z":3.486093044281006},"rotation":{"x":0.011986893601715565,"y":0.60113525390625,"z":-0.009016630239784718,"w":0.7990180253982544},"size":2.7557406425476076,"orthographic":true}