{"cameraMode":{"drawMode":0,"name":"Shaded","section":"Shading Mode"},"sceneLighting":false,"audioPlay":false,"sceneViewState":{"showFog":true,"showMaterialUpdate":false,"showSkybox":false,"showFlares":true,"showImageEffects":true,"showParticleSystems":true},"in2DMode":false,"pivot":{"x":0.08494186401367188,"y":-1.2941499948501588,"z":-0.7783421277999878},"rotation":{"x":-0.05772558972239494,"y":0.698417067527771,"z":0.05669601634144783,"w":0.7111032605171204},"size":4.807088375091553,"orthographic":false}