{"cameraMode":{"drawMode":0,"name":"Shaded","section":"Shading Mode"},"sceneLighting":false,"audioPlay":false,"sceneViewState":{"showFog":true,"showMaterialUpdate":false,"showSkybox":false,"showFlares":true,"showImageEffects":true,"showParticleSystems":true},"in2DMode":false,"pivot":{"x":-0.671389102935791,"y":15.158218383789063,"z":5.767744064331055},"rotation":{"x":0.03562017157673836,"y":0.609674870967865,"z":-0.02747797593474388,"w":0.7914247512817383},"size":3.866024971008301,"orthographic":false}