{"cameraMode":{"drawMode":0,"name":"Shaded","section":"Shading Mode"},"sceneLighting":false,"audioPlay":false,"sceneViewState":{"showFog":true,"showMaterialUpdate":false,"showSkybox":false,"showFlares":true,"showImageEffects":true,"showParticleSystems":true},"in2DMode":false,"pivot":{"x":-2.8222177028656008,"y":9.319339752197266,"z":1.233304500579834},"rotation":{"x":0.1423148363828659,"y":0.7015259861946106,"z":-0.14624570310115815,"w":0.6828405857086182},"size":14.332635879516602,"orthographic":false}